{
  "arms": {
    "random": {
      "n": 1379672.8705163794,
      "s": 0.0,
      "alpha": 1.0,
      "beta": 1379673.8705163794,
      "last": 1759328272.6998572
    },
    "tiny_keys": {
      "n": 1496140.5058509808,
      "s": 0.0,
      "alpha": 1.0,
      "beta": 1496141.5058509808,
      "last": 1759328272.533302
    },
    "high_range_keys": {
      "n": 1262675.453047546,
      "s": 0.0,
      "alpha": 1.0,
      "beta": 1262676.453047546,
      "last": 1759328272.533302
    },
    "patterned_keys": {
      "n": 1317698.8778504108,
      "s": 0.0,
      "alpha": 1.0,
      "beta": 1317699.8778504108,
      "last": 1759328272.533302
    },
    "prime_numbers": {
      "n": 1563890.955640639,
      "s": 0.5452463540625918,
      "alpha": 1.5452463540625905,
      "beta": 1563891.4103942846,
      "last": 1759328272.9681394
    }
  },
  "meta": {}
}